"ID","Initial_BW","Final_BW","t1","t2","RGR","Grew","ADG"
"c1",38.2,85.4,0,60,0.013,TRUE,0.786666666666667
"c2",42.3,90.2,0,60,0.013,TRUE,0.798333333333333
"c3",40,78.6,0,60,0.011,TRUE,0.643333333333333
"c4",48,95,0,60,0.011,TRUE,0.783333333333333
"c5",39,88.1,0,60,0.014,TRUE,0.818333333333333
